일자,개인,외국인,기관계,금융투자,보험,투신,은행,기타금융,연기금등,"국가,지자체",기타법인,사모펀드
1998-03-31,-30.0,16.0,-66.0,-69.0,16.0,0.0,-13.0,0.0,0.0,79.0,0.0,0.0
1998-04-30,797.0,1168.0,-2249.0,-1060.0,376.0,-504.0,-1057.0,0.0,0.0,261.0,0.0,0.0
1998-05-31,3283.0,339.0,-3881.0,-2211.0,457.0,-891.0,-1232.0,0.0,0.0,129.0,0.0,0.0
1998-06-30,6510.0,-3041.0,-5266.0,-2701.0,267.0,-1242.0,-1578.0,0.0,0.0,123.0,0.0,0.0
1998-07-31,9885.0,-3112.0,-9551.0,-4476.0,119.0,-2425.0,-2746.0,0.0,0.0,505.0,0.0,0.0
1998-08-31,12791.0,-3780.0,-12609.0,-5287.0,-28.0,-3258.0,-4000.0,0.0,0.0,1067.0,0.0,0.0
1998-09-30,13059.0,-2626.0,-14526.0,-3925.0,119.0,-4738.0,-5932.0,0.0,0.0,859.0,0.0,0.0
1998-10-31,7670.0,3906.0,-16258.0,-3353.0,-291.0,-3738.0,-8816.0,0.0,0.0,756.0,0.0,0.0
1998-11-30,7055.0,9610.0,-22081.0,-1505.0,-2538.0,-5955.0,-12013.0,0.0,0.0,743.0,0.0,0.0
1998-12-31,11740.0,12067.0,-26900.0,-1723.0,-2820.0,-6793.0,-15484.0,0.0,0.0,1498.0,0.0,0.0
1999-01-31,12438.0,24705.0,-32449.0,-6288.0,-6639.0,-1079.0,-18346.0,0.0,0.0,-3862.0,0.0,0.0
1999-02-28,13639.0,25334.0,-35731.0,-8576.0,-7342.0,-1376.0,-18336.0,0.0,0.0,-3499.0,0.0,0.0
1999-03-31,8177.0,29774.0,-33754.0,-8339.0,-10945.0,7347.0,-21718.0,0.0,0.0,-3555.0,0.0,0.0
1999-04-30,-1541.0,39969.0,-25880.0,-14220.0,-15804.0,29120.0,-24873.0,0.0,0.0,-4427.0,0.0,0.0
1999-05-31,-2714.0,39186.0,-19830.0,-21083.0,-19987.0,48310.0,-26967.0,0.0,0.0,-7279.0,0.0,0.0
1999-06-30,-4057.0,31993.0,-5450.0,-24148.0,-26242.0,74109.0,-29056.0,0.0,0.0,-10572.0,0.0,0.0
1999-07-31,-19971.0,15806.0,31008.0,-30323.0,-30697.0,127377.0,-35230.0,0.0,0.0,-12950.0,0.0,0.0
1999-08-31,-3656.0,655.0,19069.0,-31168.0,-33744.0,121394.0,-37286.0,0.0,0.0,-4748.0,0.0,0.0
1999-09-30,11195.0,-14459.0,27897.0,-31342.0,-35167.0,134651.0,-40117.0,0.0,0.0,-4922.0,0.0,0.0
1999-10-31,5214.0,-5465.0,30258.0,-33144.0,-34597.0,143245.0,-45118.0,0.0,0.0,-9663.0,0.0,0.0
1999-11-30,-7342.0,18000.0,24537.0,-33176.0,-37011.0,142698.0,-47842.0,0.0,0.0,-14249.0,0.0,0.0
1999-12-31,6597.0,27225.0,389.0,-31239.0,-33753.0,121147.0,-55630.0,0.0,0.0,-13804.0,0.0,0.0
2000-01-31,-8444.0,39137.0,619.0,-37862.0,-34745.0,126822.0,-53449.0,0.0,0.0,-10946.0,0.0,0.0
2000-02-29,-7326.0,50285.0,-14931.0,-36968.0,-36948.0,111587.0,-52456.0,0.0,0.0,-7704.0,0.0,0.0
2000-03-31,-31312.0,87184.0,-34187.0,-39003.0,-39826.0,89639.0,-44854.0,0.0,0.0,-1370.0,0.0,0.0
2000-04-30,-19797.0,87382.0,-46058.0,-40172.0,-40435.0,83769.0,-49069.0,0.0,0.0,-1211.0,0.0,0.0
2000-05-31,-17301.0,96220.0,-58499.0,-42361.0,-41611.0,73946.0,-48189.0,-496.0,371.0,-108.0,0.0,0.0
2000-06-30,-28775.0,121579.0,-72769.0,-39058.0,-43449.0,61031.0,-50074.0,-906.0,-157.0,275.0,0.0,0.0
2000-07-31,-29352.0,130814.0,-80214.0,-34092.0,-44026.0,51667.0,-52754.0,-660.0,-193.0,-938.0,0.0,0.0
2000-08-31,-36463.0,144112.0,-84574.0,-38021.0,-42322.0,47853.0,-52732.0,-599.0,1395.0,-2763.0,0.0,0.0
2000-09-30,-28152.0,134030.0,-81939.0,-40833.0,-38307.0,48341.0,-53617.0,-92.0,2706.0,-3627.0,0.0,0.0
2000-10-31,-21588.0,130301.0,-86212.0,-41514.0,-38362.0,47458.0,-57189.0,435.0,3102.0,-2184.0,0.0,0.0
2000-11-30,-26029.0,136547.0,-89942.0,-42252.0,-39153.0,46807.0,-58419.0,40.0,3180.0,-269.0,0.0,0.0
2000-12-31,-31447.0,141098.0,-90217.0,-42220.0,-40268.0,49894.0,-60188.0,-804.0,3517.0,870.0,0.0,0.0
2001-01-31,-46479.0,168175.0,-98280.0,-42971.0,-40591.0,44850.0,-60237.0,-1519.0,2351.0,-3104.0,0.0,0.0
2001-02-28,-51755.0,171768.0,-98926.0,-43527.0,-40783.0,44690.0,-61806.0,-1438.0,4095.0,-777.0,0.0,0.0
2001-03-31,-50382.0,172180.0,-102793.0,-44415.0,-42382.0,44195.0,-63966.0,-1174.0,5109.0,1300.0,0.0,0.0
2001-04-30,-57883.0,183415.0,-105795.0,-44652.0,-43382.0,43437.0,-64219.0,-1498.0,4685.0,565.0,0.0,0.0
2001-05-31,-67550.0,193369.0,-110317.0,-44935.0,-43512.0,42737.0,-67307.0,-1484.0,4353.0,4798.0,0.0,0.0
2001-06-30,-62785.0,187381.0,-109982.0,-47616.0,-44910.0,46212.0,-67337.0,-1265.0,5106.0,5677.0,0.0,0.0
2001-07-31,-60696.0,182749.0,-107405.0,-49154.0,-47336.0,48362.0,-65327.0,-816.0,7023.0,5639.0,0.0,0.0
2001-08-31,-66293.0,186948.0,-106258.0,-50588.0,-46809.0,47894.0,-63539.0,-1248.0,8185.0,5888.0,0.0,0.0
2001-09-30,-63191.0,181906.0,-105000.0,-49083.0,-48544.0,49029.0,-63770.0,-893.0,8407.0,6564.0,0.0,0.0
2001-10-31,-67714.0,195851.0,-114421.0,-52934.0,-48644.0,45252.0,-65329.0,-933.0,8318.0,6565.0,0.0,0.0
2001-11-30,-76503.0,212096.0,-113729.0,-47920.0,-50028.0,38315.0,-60189.0,-1974.0,8237.0,-1583.0,0.0,0.0
2001-12-31,-73826.0,215544.0,-118010.0,-51847.0,-51216.0,36904.0,-60208.0,-1964.0,10489.0,-3427.0,0.0,0.0
2002-01-31,-71683.0,216826.0,-117699.0,-51824.0,-51030.0,33362.0,-56382.0,-2179.0,10524.0,-7161.0,0.0,0.0
2002-02-28,-77848.0,213541.0,-107331.0,-48856.0,-50961.0,39749.0,-56030.0,-2920.0,11852.0,-8076.0,0.0,0.0
2002-03-31,-73513.0,201714.0,-97948.0,-50499.0,-53171.0,51733.0,-55893.0,-3413.0,13464.0,-9967.0,0.0,0.0
2002-04-30,-65081.0,188046.0,-95586.0,-49115.0,-53300.0,53347.0,-57848.0,-3940.0,15432.0,-7097.0,0.0,0.0
2002-05-31,-63677.0,179852.0,-90367.0,-54701.0,-54020.0,63798.0,-57652.0,-4467.0,16836.0,-5526.0,0.0,0.0
2002-06-30,-55888.0,177400.0,-99924.0,-54596.0,-55603.0,65075.0,-66791.0,-4371.0,16530.0,-1302.0,0.0,0.0
2002-07-31,-52422.0,174112.0,-100570.0,-55478.0,-56894.0,65738.0,-66506.0,-4672.0,17412.0,-834.0,0.0,0.0
2002-08-31,-56842.0,162924.0,-95723.0,-54444.0,-56030.0,68770.0,-66502.0,-4581.0,17223.0,9924.0,0.0,0.0
2002-09-30,-49377.0,162694.0,-104540.0,-55660.0,-57804.0,63786.0,-66499.0,-5064.0,16868.0,11505.0,0.0,0.0
2002-10-31,-53784.0,167494.0,-107876.0,-54049.0,-57203.0,60106.0,-68224.0,-5286.0,16940.0,14449.0,0.0,0.0
2002-11-30,-71603.0,185662.0,-106738.0,-52543.0,-56387.0,59293.0,-68949.0,-5466.0,17476.0,12962.0,0.0,0.0
2002-12-31,-65187.0,186575.0,-109107.0,-52126.0,-56263.0,55416.0,-68861.0,-5740.0,18626.0,8003.0,0.0,0.0
2003-01-31,-54791.0,189755.0,-122304.0,-55551.0,-56862.0,49017.0,-70010.0,-6322.0,17593.0,7630.0,0.0,0.0
2003-02-28,-54528.0,183292.0,-117458.0,-55931.0,-57278.0,52539.0,-69563.0,-5991.0,18921.0,8983.0,0.0,0.0
2003-03-31,-51383.0,176126.0,-119042.0,-57181.0,-59994.0,54050.0,-68315.0,-6548.0,19098.0,14590.0,0.0,0.0
2003-04-30,-51961.0,168578.0,-113465.0,-55504.0,-61188.0,60434.0,-70958.0,-6639.0,20541.0,17134.0,0.0,0.0
2003-05-31,-65458.0,175455.0,-109977.0,-54095.0,-61378.0,61754.0,-71587.0,-7026.0,22513.0,20258.0,0.0,0.0
2003-06-30,-78491.0,198863.0,-123445.0,-55643.0,-61705.0,49294.0,-72485.0,-7109.0,24363.0,23348.0,0.0,0.0
2003-07-31,-92313.0,226635.0,-138457.0,-56282.0,-62485.0,36213.0,-73416.0,-7291.0,24960.0,24409.0,0.0,0.0
2003-08-31,-103752.0,246536.0,-148349.0,-56065.0,-62697.0,26915.0,-74604.0,-6647.0,24901.0,25841.0,0.0,0.0
2003-09-30,-100251.0,261937.0,-165862.0,-59810.0,-63215.0,16378.0,-75508.0,-8214.0,24670.0,24450.0,0.0,0.0
2003-10-31,-120632.0,295487.0,-179502.0,-57291.0,-64623.0,6837.0,-83152.0,-7138.0,26036.0,24923.0,0.0,0.0
2003-11-30,-119782.0,313659.0,-198657.0,-59355.0,-64342.0,-5776.0,-86173.0,-8891.0,26058.0,25059.0,0.0,0.0
2003-12-31,-123939.0,324233.0,-199055.0,-59795.0,-63999.0,-17068.0,-75496.0,-9995.0,27475.0,18986.0,0.0,0.0
2004-01-31,-134252.0,364730.0,-226117.0,-65207.0,-65266.0,-39517.0,-75681.0,-9285.0,29021.0,15934.0,0.0,0.0
2004-02-29,-143747.0,378448.0,-229328.0,-66871.0,-65798.0,-40333.0,-77604.0,-9219.0,30689.0,14951.0,0.0,0.0
2004-03-31,-149024.0,407204.0,-249639.0,-67029.0,-69911.0,-51062.0,-82887.0,-9866.0,31320.0,11656.0,0.0,0.0
2004-04-30,-153388.0,422029.0,-265255.0,-65836.0,-69015.0,-66180.0,-84740.0,-10275.0,30999.0,17111.0,0.0,0.0
2004-05-31,-147034.0,430500.0,-278631.0,-67857.0,-70047.0,-73186.0,-85279.0,-10475.0,28422.0,15590.0,0.0,0.0
2004-06-30,-147906.0,430610.0,-277170.0,-68229.0,-71077.0,-69171.0,-86428.0,-10756.0,28700.0,14855.0,0.0,0.0
2004-07-31,-150079.0,437430.0,-281809.0,-69324.0,-70824.0,-71558.0,-86411.0,-10906.0,27425.0,14934.0,0.0,0.0
2004-08-31,-167052.0,449970.0,-278708.0,-69526.0,-71482.0,-67847.0,-87073.0,-10910.0,28340.0,16446.0,0.0,0.0
2004-09-30,-176793.0,457784.0,-279374.0,-68126.0,-72028.0,-74824.0,-86603.0,-11178.0,33588.0,19092.0,0.0,0.0
2004-10-31,-175295.0,442398.0,-276899.0,-68417.0,-70297.0,-77212.0,-86372.0,-10757.0,36347.0,30834.0,0.0,0.0
2004-11-30,-184209.0,439085.0,-269616.0,-67779.0,-69593.0,-74292.0,-87241.0,-10742.0,40210.0,36194.0,0.0,0.0
2004-12-31,-190049.0,429047.0,-255417.0,-64943.0,-68675.0,-65767.0,-91715.0,-11646.0,47492.0,37908.0,0.0,0.0
2005-01-31,-199569.0,437630.0,-254896.0,-65212.0,-68325.0,-67884.0,-91523.0,-11086.0,49276.0,38375.0,0.0,0.0
2005-02-28,-205292.0,452266.0,-266314.0,-65833.0,-67891.0,-74368.0,-91515.0,-10962.0,44400.0,40861.0,0.0,0.0
2005-03-31,-201473.0,431534.0,-256318.0,-67902.0,-67937.0,-63551.0,-92225.0,-10662.0,46102.0,47775.0,0.0,0.0
2005-04-30,-199183.0,429647.0,-259406.0,-67758.0,-67273.0,-59572.0,-93740.0,-11448.0,40529.0,51809.0,0.0,0.0
2005-05-31,-217479.0,431049.0,-246183.0,-67208.0,-65917.0,-51022.0,-94702.0,-11125.0,43925.0,55827.0,0.0,0.0
2005-06-30,-232050.0,431532.0,-238716.0,-65680.0,-64868.0,-50068.0,-96872.0,-11331.0,50230.0,62480.0,0.0,0.0
2005-07-31,-251212.0,448975.0,-236459.0,-66955.0,-62366.0,-50470.0,-96778.0,-10831.0,51067.0,63235.0,0.0,0.0
2005-08-31,-254198.0,438503.0,-233960.0,-68602.0,-60595.0,-39034.0,-98487.0,-11232.0,44118.0,74701.0,0.0,0.0
2005-09-30,-263298.0,430586.0,-219245.0,-69073.0,-59611.0,-24633.0,-103019.0,-11489.0,48705.0,77418.0,0.0,0.0
2005-10-31,-249013.0,404105.0,-213918.0,-69871.0,-57538.0,-1705.0,-115395.0,-11600.0,42319.0,84412.0,0.0,0.0
2005-11-30,-267274.0,404516.0,-198468.0,-70408.0,-57538.0,13355.0,-115527.0,-12866.0,44643.0,87086.0,0.0,0.0
2005-12-31,-270791.0,398833.0,-178690.0,-67243.0,-59343.0,28816.0,-114064.0,-12763.0,46019.0,84111.0,0.0,0.0
2006-01-31,-284968.0,420269.0,-182563.0,-67778.0,-59214.0,38258.0,-115590.0,-12619.0,34490.0,80945.0,0.0,0.0
2006-02-28,-287925.0,415010.0,-177810.0,-66519.0,-58731.0,48274.0,-117444.0,-12715.0,29430.0,84484.0,0.0,0.0
2006-03-31,-291814.0,416947.0,-170154.0,-70099.0,-58213.0,53618.0,-117653.0,-10910.0,33210.0,86076.0,0.0,0.0
2006-04-30,-302223.0,421606.0,-165622.0,-68811.0,-54878.0,45954.0,-114723.0,-14733.0,41669.0,87289.0,0.0,0.0
2006-05-31,-290958.0,386240.0,-155404.0,-68684.0,-51109.0,59399.0,-112788.0,-14816.0,32687.0,101196.0,0.0,0.0
2006-06-30,-288046.0,359545.0,-143560.0,-66569.0,-47343.0,74335.0,-120149.0,-14714.0,30963.0,113051.0,0.0,0.0
2006-07-31,-287690.0,343719.0,-132370.0,-67615.0,-46676.0,86906.0,-119763.0,-14314.0,29174.0,117315.0,0.0,0.0
2006-08-31,-294667.0,319251.0,-109417.0,-68190.0,-44176.0,103909.0,-118875.0,-14127.0,32106.0,125914.0,0.0,0.0
2006-09-30,-298661.0,303639.0,-86676.0,-66691.0,-42470.0,109885.0,-118425.0,-13833.0,44905.0,122748.0,0.0,0.0
2006-10-31,-304896.0,297193.0,-75760.0,-67449.0,-40762.0,113219.0,-117674.0,-13440.0,50392.0,124556.0,0.0,0.0
2006-11-30,-301332.0,281203.0,-67620.0,-66036.0,-37314.0,113278.0,-117308.0,-13878.0,53681.0,128898.0,0.0,0.0
2006-12-31,-301427.0,291327.0,-73287.0,-62474.0,-34111.0,99203.0,-114950.0,-14410.0,53499.0,124531.0,0.0,0.0
2007-01-31,-293888.0,291834.0,-89423.0,-64773.0,-33776.0,89058.0,-117160.0,-15076.0,52360.0,132531.0,0.0,0.0
2007-02-28,-302440.0,304283.0,-96705.0,-62790.0,-31693.0,67713.0,-116938.0,-15184.0,62231.0,135969.0,0.0,0.0
2007-03-31,-298794.0,293450.0,-104795.0,-62543.0,-31511.0,60325.0,-118982.0,-15196.0,63152.0,151208.0,0.0,0.0
2007-04-30,-298681.0,320861.0,-136914.0,-57753.0,-29629.0,25293.0,-126692.0,-15961.0,67860.0,156085.0,0.0,0.0
2007-05-31,-291313.0,323301.0,-146577.0,-53768.0,-28115.0,15968.0,-129679.0,-16465.0,65520.0,156639.0,0.0,0.0
2007-06-30,-285132.0,287952.0,-125810.0,-50676.0,-29337.0,43327.0,-134915.0,-19005.0,64832.0,165041.0,0.0,0.0
2007-07-31,-270373.0,239495.0,-103927.0,-48638.0,-30779.0,60881.0,-130669.0,-18803.0,64103.0,176712.0,0.0,0.0
2007-08-31,-261799.0,152469.0,-41307.0,-46668.0,-27943.0,113503.0,-130574.0,-17821.0,68205.0,192684.0,0.0,0.0
2007-09-30,-263086.0,133510.0,-22293.0,-43574.0,-28667.0,119069.0,-130947.0,-17921.0,79752.0,194115.0,0.0,0.0
2007-10-31,-254695.0,132701.0,-20480.0,-36504.0,-27771.0,109206.0,-130646.0,-18860.0,84102.0,204921.0,0.0,0.0
2007-11-30,-238665.0,65295.0,13829.0,-34703.0,-23609.0,141121.0,-133240.0,-18661.0,82912.0,221775.0,0.0,0.0
2007-12-31,-236982.0,44237.0,31490.0,-32573.0,-20900.0,145193.0,-132122.0,-19616.0,91495.0,227088.0,0.0,0.0
2008-01-31,-219455.0,-41201.0,75993.0,-25614.0,-14817.0,160258.0,-129094.0,-19336.0,104565.0,250287.0,0.0,0.0
2008-02-29,-216894.0,-61318.0,80133.0,-21339.0,-12257.0,152994.0,-127212.0,-19048.0,106950.0,263664.0,0.0,0.0
2008-03-31,-215324.0,-81589.0,95021.0,-19000.0,-9236.0,158733.0,-124464.0,-18812.0,107743.0,277690.0,0.0,0.0
2008-04-30,-224786.0,-93149.0,110227.0,-11545.0,-7363.0,160534.0,-123489.0,-19375.0,111386.0,283602.0,0.0,0.0
2008-05-31,-229331.0,-83932.0,103461.0,-8458.0,-5730.0,144215.0,-122729.0,-19110.0,115190.0,285693.0,0.0,0.0
2008-06-30,-211111.0,-131825.0,123372.0,1612.0,-3452.0,148457.0,-121683.0,-18479.0,115819.0,295226.0,0.0,991.0
2008-07-31,-211500.0,-181219.0,168325.0,24222.0,5775.0,151472.0,-122139.0,-17999.0,123773.0,300086.0,0.0,3096.0
2008-08-31,-211833.0,-211265.0,193302.0,33026.0,7972.0,157233.0,-116005.0,-17830.0,123112.0,305434.0,0.0,5656.0
2008-09-30,-217354.0,-237964.0,220403.0,48875.0,13914.0,132383.0,-114826.0,-17579.0,154721.0,310544.0,0.0,2772.0
2008-10-31,-192729.0,-283993.0,241441.0,51053.0,19931.0,125929.0,-116158.0,-17468.0,175674.0,310742.0,0.0,2346.0
2008-11-30,-189185.0,-300529.0,256045.0,54982.0,24104.0,126601.0,-117364.0,-18523.0,182612.0,309025.0,0.0,3487.0
2008-12-31,-208651.0,-291754.0,264032.0,68816.0,23773.0,122541.0,-124735.0,-19152.0,186822.0,311956.0,0.0,5818.0
2009-01-31,-217870.0,-284062.0,259565.0,73095.0,25855.0,106416.0,-124753.0,-19325.0,192497.0,317948.0,0.0,5627.0
2009-02-28,-194815.0,-292676.0,241090.0,74831.0,25913.0,77350.0,-124606.0,-19208.0,199099.0,322108.0,0.0,7558.0
2009-03-31,-214697.0,-279939.0,255914.0,84662.0,25953.0,87924.0,-129471.0,-19474.0,195824.0,326663.0,53.0,10340.0
2009-04-30,-211288.0,-237967.0,213391.0,102148.0,24287.0,57596.0,-133973.0,-20699.0,174578.0,325873.0,-542.0,9313.0
2009-05-31,-190188.0,-196613.0,156666.0,116035.0,23376.0,14412.0,-142709.0,-20931.0,160376.0,325284.0,-5088.0,5973.0
2009-06-30,-179781.0,-171933.0,123649.0,116128.0,20050.0,1771.0,-145875.0,-21377.0,151515.0,325957.0,-7651.0,1320.0
2009-07-31,-221641.0,-112538.0,108162.0,120725.0,21865.0,-10062.0,-146081.0,-20835.0,141630.0,325849.0,-8707.0,800.0
2009-08-31,-202417.0,-72751.0,57517.0,129205.0,21152.0,-46368.0,-145694.0,-21896.0,121287.0,324548.0,-12403.0,-280.0
2009-09-30,-205052.0,-23963.0,16121.0,130111.0,19709.0,-70115.0,-148580.0,-22688.0,106983.0,324029.0,-16095.0,611.0
2009-10-31,-198891.0,-9137.0,-3472.0,135093.0,22296.0,-94302.0,-149024.0,-21929.0,105411.0,322837.0,-16074.0,-1107.0
2009-11-30,-201300.0,9264.0,-11236.0,135178.0,23307.0,-102166.0,-150107.0,-20876.0,105038.0,320528.0,-21850.0,-1705.0
2009-12-31,-228273.0,32072.0,801.0,139781.0,28791.0,-94949.0,-156461.0,-21076.0,104666.0,320553.0,-29412.0,-51.0
2010-01-31,-219840.0,38638.0,-13280.0,137506.0,29555.0,-107799.0,-157534.0,-20998.0,108586.0,319192.0,-28602.0,-2697.0
2010-02-28,-221541.0,38548.0,-11725.0,135053.0,29426.0,-107644.0,-158200.0,-21350.0,113061.0,319103.0,-28196.0,-2172.0
2010-03-31,-260229.0,92182.0,-22982.0,136552.0,32188.0,-120360.0,-165760.0,-21396.0,117305.0,318879.0,-31320.0,-1620.0
2010-04-30,-260377.0,144332.0,-58487.0,135717.0,33036.0,-156650.0,-163804.0,-21346.0,122318.0,312498.0,-40887.0,-7871.0
2010-05-31,-218559.0,81665.0,-44642.0,133432.0,35464.0,-155198.0,-162185.0,-20858.0,131998.0,316498.0,-38068.0,-7424.0
2010-06-30,-228074.0,88847.0,-41483.0,136970.0,37748.0,-161336.0,-163195.0,-23054.0,141280.0,319159.0,-41320.0,-10033.0
2010-07-31,-242860.0,117994.0,-52391.0,137860.0,40299.0,-182378.0,-166130.0,-22514.0,152805.0,319143.0,-44633.0,-12480.0
2010-08-31,-239450.0,112407.0,-50805.0,136710.0,41402.0,-190424.0,-164865.0,-22528.0,162994.0,316395.0,-41304.0,-14242.0
2010-09-30,-262298.0,155440.0,-67189.0,141322.0,42399.0,-217618.0,-164852.0,-23248.0,171715.0,317251.0,-45902.0,-17057.0
2010-10-31,-264886.0,195155.0,-93929.0,140340.0,38939.0,-241206.0,-168723.0,-23692.0,178044.0,311280.0,-50206.0,-17778.0
2010-11-30,-276653.0,211514.0,-98314.0,142601.0,37147.0,-255363.0,-169067.0,-24124.0,189074.0,316599.0,-55861.0,-18732.0
2010-12-31,-282115.0,247763.0,-121122.0,149965.0,33727.0,-281804.0,-170894.0,-26383.0,194670.0,317417.0,-64548.0,-20549.0
2011-01-31,-268156.0,251229.0,-128461.0,154373.0,30860.0,-300625.0,-168243.0,-25775.0,202989.0,308974.0,-66186.0,-22186.0
2011-02-28,-251397.0,216476.0,-112471.0,155361.0,30189.0,-294799.0,-167917.0,-26019.0,210491.0,311110.0,-65979.0,-19930.0
2011-03-31,-275537.0,228169.0,-106346.0,155997.0,26046.0,-297484.0,-167725.0,-25797.0,221283.0,318419.0,-66445.0,-18817.0
2011-04-30,-259537.0,259587.0,-145754.0,160223.0,23175.0,-343846.0,-168876.0,-26569.0,228566.0,312835.0,-68910.0,-18579.0
2011-05-31,-240052.0,233974.0,-138906.0,161667.0,21912.0,-338442.0,-167769.0,-26883.0,225845.0,313628.0,-70474.0,-15404.0
2011-06-30,-246135.0,226593.0,-124175.0,166284.0,23710.0,-330044.0,-169394.0,-27842.0,225867.0,315024.0,-73169.0,-12924.0
2011-07-31,-258691.0,240544.0,-115250.0,173431.0,27111.0,-329577.0,-185182.0,-27681.0,232535.0,314893.0,-83363.0,-6077.0
2011-08-31,-240369.0,194311.0,-91155.0,166680.0,27225.0,-321499.0,-190620.0,-27913.0,258155.0,315710.0,-80587.0,-3378.0
2011-09-30,-244666.0,181511.0,-74967.0,165486.0,19576.0,-316189.0,-188832.0,-28882.0,277507.0,314311.0,-77950.0,-3826.0
2011-10-31,-282264.0,198072.0,-55418.0,165433.0,18092.0,-314835.0,-189030.0,-29204.0,295859.0,320020.0,-82090.0,-1926.0
2011-11-30,-281966.0,171487.0,-32213.0,164094.0,23488.0,-313090.0,-188577.0,-29357.0,309744.0,321420.0,-80202.0,1267.0
2011-12-31,-300309.0,167820.0,-1996.0,169066.0,33358.0,-310570.0,-191844.0,-29759.0,322646.0,317787.0,-84441.0,4885.0
2012-01-31,-356652.0,230874.0,1602.0,176227.0,37757.0,-319283.0,-189492.0,-30078.0,318800.0,317433.0,-93844.0,7444.0
2012-02-29,-369611.0,273582.0,-25825.0,176379.0,38362.0,-338210.0,-189059.0,-30311.0,309828.0,317478.0,-96166.0,6971.0
2012-03-31,-355363.0,278654.0,-36040.0,175912.0,42013.0,-349399.0,-188732.0,-29984.0,308295.0,314003.0,-100361.0,5639.0
2012-04-30,-349396.0,278391.0,-32320.0,174302.0,44177.0,-347461.0,-188235.0,-29616.0,309170.0,313792.0,-109601.0,5126.0
2012-05-31,-325069.0,240359.0,-16671.0,173568.0,46785.0,-337579.0,-187620.0,-29606.0,311913.0,312657.0,-108819.0,5636.0
2012-06-30,-332720.0,230990.0,-1811.0,177561.0,51858.0,-331509.0,-189165.0,-29557.0,311968.0,315411.0,-109037.0,6795.0
2012-07-31,-355748.0,238317.0,22235.0,178352.0,54014.0,-324876.0,-187240.0,-29651.0,318514.0,319450.0,-115517.0,7114.0
2012-08-31,-402771.0,290963.0,20952.0,185452.0,56478.0,-342131.0,-187708.0,-30407.0,329140.0,318702.0,-117209.0,4874.0
2012-09-30,-425642.0,323713.0,14871.0,181877.0,54419.0,-355729.0,-187851.0,-30677.0,339519.0,322553.0,-120486.0,4218.0
2012-10-31,-411081.0,311854.0,18274.0,184895.0,58963.0,-361477.0,-187690.0,-31095.0,346389.0,317063.0,-126595.0,4675.0
2012-11-30,-422987.0,306638.0,36906.0,184654.0,59910.0,-358994.0,-186882.0,-31031.0,356515.0,320468.0,-127881.0,5715.0
2012-12-31,-455801.0,342426.0,38437.0,189413.0,62308.0,-366922.0,-188950.0,-31446.0,363073.0,319360.0,-132147.0,5057.0
2013-01-31,-445036.0,323543.0,47937.0,190376.0,65595.0,-370164.0,-188993.0,-31744.0,372512.0,319453.0,-133560.0,4353.0
2013-02-28,-462691.0,339103.0,51818.0,198743.0,66130.0,-380143.0,-188543.0,-31992.0,378320.0,319480.0,-135432.0,3279.0
2013-03-31,-453646.0,314328.0,67432.0,200758.0,67054.0,-384969.0,-188720.0,-31698.0,386385.0,327392.0,-135436.0,4667.0
2013-04-30,-445079.0,284635.0,89477.0,207183.0,68683.0,-381101.0,-188065.0,-32685.0,390503.0,331761.0,-136340.0,6612.0
2013-05-31,-454576.0,292416.0,93179.0,203801.0,72098.0,-384230.0,-188884.0,-35086.0,400123.0,332322.0,-138188.0,6443.0
2013-06-30,-434767.0,242224.0,122847.0,207787.0,72271.0,-367597.0,-189465.0,-35229.0,407058.0,333573.0,-137713.0,7830.0
2013-07-31,-449494.0,250324.0,129770.0,209977.0,72896.0,-373489.0,-192843.0,-35279.0,419086.0,334647.0,-137890.0,8159.0
2013-08-31,-469676.0,271993.0,129545.0,203086.0,72899.0,-374007.0,-196198.0,-35387.0,429756.0,334702.0,-138614.0,8083.0
2013-09-30,-501073.0,348348.0,91294.0,202244.0,73395.0,-404624.0,-210389.0,-36651.0,441239.0,334989.0,-144503.0,4490.0
2013-10-31,-506161.0,395444.0,53328.0,199907.0,74278.0,-430179.0,-215398.0,-38098.0,445444.0,330239.0,-148335.0,531.0
2013-11-30,-505580.0,393562.0,56424.0,197496.0,73396.0,-428623.0,-216982.0,-38395.0,456051.0,325455.0,-150028.0,1414.0
2013-12-31,-512189.0,376539.0,89005.0,205299.0,79580.0,-420885.0,-214370.0,-37989.0,464935.0,323134.0,-158243.0,2677.0
2014-01-31,-498272.0,360036.0,89761.0,194642.0,79352.0,-413486.0,-213885.0,-37921.0,469610.0,322977.0,-156472.0,1836.0
2014-02-28,-498323.0,352858.0,97247.0,188960.0,81948.0,-410212.0,-215442.0,-38369.0,478119.0,323694.0,-156691.0,1912.0
2014-03-31,-490749.0,341416.0,99489.0,184550.0,83987.0,-409270.0,-217865.0,-38597.0,483346.0,323717.0,-155088.0,2982.0
2014-04-30,-496765.0,369428.0,81088.0,178904.0,83844.0,-423087.0,-221695.0,-39923.0,488513.0,324495.0,-158131.0,3407.0
2014-05-31,-506403.0,388943.0,73068.0,175732.0,85758.0,-430263.0,-223695.0,-40310.0,491724.0,324119.0,-159561.0,3382.0
2014-06-30,-511247.0,400160.0,69144.0,174140.0,87102.0,-432647.0,-225333.0,-43752.0,499219.0,323556.0,-161719.0,250.0
2014-07-31,-526850.0,440852.0,46681.0,177506.0,90130.0,-449807.0,-228563.0,-44186.0,499457.0,317283.0,-164293.0,-1725.0
2014-08-31,-521528.0,459093.0,29965.0,174326.0,86426.0,-457351.0,-230651.0,-44390.0,501601.0,315422.0,-171127.0,-1993.0
2014-09-30,-514929.0,452868.0,31043.0,173589.0,85351.0,-451421.0,-234318.0,-44475.0,503594.0,314770.0,-172537.0,-2607.0
2014-10-31,-511645.0,432512.0,53928.0,181579.0,88231.0,-439848.0,-236150.0,-44090.0,504965.0,314717.0,-178281.0,-2043.0
2014-11-30,-532758.0,448024.0,62295.0,189038.0,89858.0,-436472.0,-236170.0,-44134.0,504143.0,314977.0,-180989.0,-5527.0
2014-12-31,-540553.0,424867.0,82078.0,194110.0,93198.0,-431684.0,-237210.0,-45131.0,516338.0,312482.0,-169729.0,-6617.0
2015-01-31,-538319.0,414478.0,75388.0,188892.0,93888.0,-437444.0,-237021.0,-45134.0,523625.0,311418.0,-154829.0,-9435.0
2015-02-28,-556118.0,427734.0,80661.0,185362.0,91827.0,-437830.0,-236148.0,-44884.0,533068.0,310294.0,-155581.0,-7632.0
2015-03-31,-554591.0,456837.0,52221.0,170994.0,93933.0,-457378.0,-236060.0,-45875.0,541263.0,309081.0,-157301.0,-10340.0
2015-04-30,-562086.0,503325.0,16425.0,165203.0,89329.0,-487130.0,-236471.0,-45729.0,547989.0,307064.0,-160181.0,-10427.0
2015-05-31,-552589.0,520577.0,-3000.0,149764.0,86478.0,-493791.0,-237131.0,-45765.0,557746.0,306531.0,-166886.0,-13420.0
2015-06-30,-538046.0,510080.0,-6896.0,140990.0,82400.0,-489172.0,-243072.0,-44779.0,565460.0,307012.0,-167030.0,-12316.0
2015-07-31,-509296.0,492172.0,-15927.0,139601.0,79853.0,-489227.0,-245405.0,-45396.0,565450.0,307106.0,-168754.0,-14477.0
2015-08-31,-505707.0,451087.0,14111.0,142899.0,83459.0,-478145.0,-246782.0,-45624.0,576470.0,309030.0,-161308.0,-13767.0
2015-09-30,-507089.0,433642.0,33622.0,146169.0,84758.0,-473938.0,-246617.0,-46039.0,588561.0,309467.0,-161791.0,-15303.0
2015-10-31,-522715.0,440843.0,43865.0,158307.0,88225.0,-479341.0,-247340.0,-46356.0,592783.0,305008.0,-157498.0,-13976.0
2015-11-30,-530829.0,421537.0,49006.0,158551.0,89393.0,-483932.0,-248264.0,-44295.0,599436.0,305232.0,-135050.0,-13669.0
2015-12-31,-544597.0,389093.0,77431.0,170439.0,96070.0,-482049.0,-248850.0,-44332.0,607532.0,305763.0,-116754.0,-13712.0
2016-01-31,-533080.0,359439.0,108801.0,167646.0,120584.0,-470069.0,-249534.0,-44080.0,607153.0,303904.0,-129985.0,-13387.0
2016-02-29,-551465.0,362442.0,123431.0,179629.0,123941.0,-469612.0,-250534.0,-44606.0,608833.0,304773.0,-128883.0,-15578.0
2016-03-31,-565094.0,396754.0,94138.0,177463.0,121892.0,-488693.0,-251016.0,-45109.0,611095.0,305091.0,-120153.0,-23147.0
2016-04-30,-570423.0,416190.0,75274.0,170922.0,120897.0,-496191.0,-252635.0,-45424.0,611223.0,305060.0,-115527.0,-25120.0
2016-05-31,-566651.0,418039.0,63240.0,159447.0,119449.0,-497121.0,-254220.0,-46508.0,612034.0,305794.0,-109067.0,-22157.0
2016-06-30,-579481.0,426102.0,65729.0,162347.0,116887.0,-499655.0,-255698.0,-45781.0,616622.0,306232.0,-106620.0,-21753.0
2016-07-31,-589043.0,466192.0,32037.0,159981.0,109777.0,-514970.0,-256619.0,-47184.0,612441.0,305866.0,-103134.0,-23752.0
2016-08-31,-597294.0,479836.0,18767.0,161841.0,105444.0,-527836.0,-257581.0,-47957.0,616707.0,306033.0,-92406.0,-24346.0
2016-09-30,-597506.0,490877.0,-1055.0,149058.0,103160.0,-537844.0,-258525.0,-48552.0,622385.0,306500.0,-83189.0,-23691.0
2016-10-31,-607087.0,495171.0,3535.0,150767.0,103535.0,-539128.0,-258825.0,-48717.0,624703.0,307363.0,-82186.0,-22631.0
2016-11-30,-616189.0,491873.0,21901.0,159189.0,106670.0,-538601.0,-258364.0,-48519.0,632093.0,307844.0,-87902.0,-24883.0
2016-12-31,-630636.0,502421.0,25356.0,161550.0,105212.0,-547166.0,-259064.0,-48558.0,643087.0,309084.0,-87016.0,-25255.0
2017-01-31,-630485.0,518797.0,5715.0,158109.0,104243.0,-556056.0,-259417.0,-48944.0,641600.0,309220.0,-83930.0,-29477.0
2017-02-28,-647501.0,521873.0,12496.0,160988.0,105006.0,-561853.0,-261553.0,-49210.0,649146.0,309558.0,-76835.0,-26029.0
2017-03-31,-657495.0,556939.0,-24112.0,136075.0,100863.0,-572227.0,-262599.0,-49394.0,651477.0,309832.0,-65503.0,-24575.0
2017-04-30,-665056.0,564981.0,-26310.0,136236.0,99142.0,-577064.0,-262934.0,-49911.0,655396.0,308781.0,-63335.0,-22382.0
2017-05-31,-684367.0,578322.0,-24131.0,171443.0,94119.0,-585905.0,-263016.0,-52307.0,656285.0,292091.0,-59424.0,-23251.0
2017-06-30,-671603.0,594904.0,-57236.0,170328.0,91284.0,-585904.0,-264380.0,-52933.0,647925.0,276404.0,-55790.0,-26348.0
2017-07-31,-680281.0,589659.0,-39409.0,195818.0,89641.0,-584786.0,-264670.0,-53526.0,650767.0,268318.0,-59615.0,-27338.0
2017-08-31,-683917.0,570909.0,-22287.0,214033.0,90228.0,-579543.0,-266152.0,-53751.0,656973.0,256033.0,-54233.0,-26473.0
2017-09-30,-685725.0,555011.0,-8708.0,225776.0,89418.0,-576970.0,-266145.0,-53836.0,665630.0,247495.0,-49895.0,-26441.0
2017-10-31,-684548.0,584769.0,-41229.0,222144.0,86966.0,-583714.0,-266447.0,-54305.0,671867.0,222396.0,-47018.0,-26493.0
2017-11-30,-687270.0,585601.0,-47185.0,244651.0,83871.0,-583414.0,-266919.0,-54538.0,670720.0,200562.0,-38671.0,-28471.0
2017-12-31,-723913.0,568236.0,1097.0,284795.0,86456.0,-578165.0,-268352.0,-54261.0,673573.0,199348.0,-32822.0,-28655.0
2018-01-31,-745033.0,587990.0,-5218.0,280705.0,89877.0,-576995.0,-269104.0,-55171.0,669773.0,199918.0,-24964.0,-30576.0
2018-02-28,-720789.0,572379.0,-14551.0,258626.0,93193.0,-568368.0,-269676.0,-55388.0,669504.0,200393.0,-24316.0,-29195.0
2018-03-31,-710057.0,564974.0,-12954.0,255833.0,93181.0,-569620.0,-268491.0,-55547.0,673252.0,202460.0,-29180.0,-30389.0
2018-04-30,-686459.0,554601.0,-20076.0,249200.0,93298.0,-570320.0,-268607.0,-55894.0,677601.0,200676.0,-35213.0,-32393.0
2018-05-31,-662916.0,546491.0,-41930.0,242498.0,80686.0,-575070.0,-269581.0,-56007.0,685103.0,200823.0,-28809.0,-36742.0
2018-06-30,-651589.0,530622.0,-39983.0,248818.0,80934.0,-575027.0,-270049.0,-55526.0,683061.0,197880.0,-26291.0,-36432.0
2018-07-31,-651260.0,534357.0,-43658.0,257126.0,80638.0,-574699.0,-270378.0,-56012.0,674927.0,195618.0,-26666.0,-37234.0
2018-08-31,-656181.0,550883.0,-61610.0,250505.0,80227.0,-575824.0,-270403.0,-56653.0,668666.0,192587.0,-20276.0,-37062.0
2018-09-30,-656512.0,547908.0,-55259.0,261196.0,74779.0,-577609.0,-270940.0,-56759.0,670405.0,192035.0,-23226.0,-34702.0
2018-10-31,-637416.0,507928.0,-37363.0,279302.0,76142.0,-574482.0,-271631.0,-56963.0,671857.0,189965.0,-20347.0,-37877.0
2018-11-30,-641135.0,511531.0,-39542.0,274492.0,75472.0,-572738.0,-271739.0,-57014.0,676166.0,188894.0,-17991.0,-39396.0
2018-12-31,-653473.0,511026.0,-27795.0,293046.0,75070.0,-572220.0,-273054.0,-57359.0,672998.0,188628.0,-16814.0,-41213.0
2019-01-31,-685764.0,551521.0,-36226.0,283775.0,73399.0,-574797.0,-273257.0,-58426.0,681192.0,188628.0,-16424.0,-43034.0
2019-02-28,-694028.0,552933.0,-30812.0,299052.0,68879.0,-579928.0,-273402.0,-58618.0,682408.0,188628.0,-14927.0,-44109.0
2019-03-31,-688130.0,555944.0,-40757.0,301082.0,68827.0,-582919.0,-275739.0,-58886.0,678372.0,188628.0,-13895.0,-46399.0
2019-04-30,-705608.0,579862.0,-47294.0,299342.0,67171.0,-586370.0,-276036.0,-59120.0,679264.0,188628.0,-13695.0,-46443.0
2019-05-31,-677612.0,555057.0,-51921.0,281406.0,71306.0,-583144.0,-275815.0,-58971.0,685338.0,188628.0,-12404.0,-46948.0
2019-06-30,-697309.0,562642.0,-36808.0,275782.0,70148.0,-582384.0,-275942.0,-59442.0,707513.0,188628.0,-14904.0,-47383.0
2019-07-31,-708912.0,582951.0,-44053.0,279568.0,68760.0,-586600.0,-277247.0,-60066.0,704679.0,188628.0,-16388.0,-48032.0
2019-08-31,-711185.0,560023.0,-22032.0,272703.0,70496.0,-584639.0,-277555.0,-60106.0,729578.0,188628.0,-13176.0,-47402.0
2019-09-30,-726276.0,551509.0,398.0,281075.0,67385.0,-587272.0,-281342.0,-60084.0,755127.0,188628.0,-11903.0,-49371.0
2019-10-31,-734587.0,546057.0,10023.0,288288.0,66334.0,-589518.0,-281125.0,-59948.0,760469.0,188628.0,-7652.0,-49354.0
2019-11-30,-733203.0,514357.0,33117.0,315648.0,66010.0,-594776.0,-282486.0,-60057.0,764462.0,188628.0,-393.0,-50552.0
2019-12-31,-771475.0,520543.0,60739.0,347368.0,62405.0,-598659.0,-282613.0,-60030.0,769533.0,188628.0,4247.0,-52131.0
2020-01-31,-726647.0,523589.0,10005.0,305161.0,61449.0,-604514.0,-282251.0,-59865.0,769680.0,188628.0,6950.0,-54520.0
2020-02-29,-677676.0,490460.0,-12354.0,280564.0,62318.0,-604930.0,-281855.0,-59434.0,772313.0,188628.0,13413.0,-56203.0
2020-03-31,-565814.0,364918.0,-11190.0,254061.0,64510.0,-607336.0,-282212.0,-58844.0,802593.0,188628.0,25541.0,-58833.0
2020-04-30,-527694.0,323922.0,-11327.0,238049.0,63700.0,-605100.0,-282237.0,-58126.0,817946.0,188628.0,28505.0,-60428.0
2020-05-31,-489863.0,285088.0,-13209.0,233845.0,61809.0,-605388.0,-282578.0,-56842.0,823086.0,188628.0,31376.0,-62010.0
2020-06-30,-451720.0,272905.0,-40312.0,229952.0,60210.0,-610109.0,-288601.0,-57132.0,815650.0,188628.0,32332.0,-65134.0
2020-07-31,-429330.0,283695.0,-70946.0,229173.0,55574.0,-618076.0,-288806.0,-57815.0,804457.0,188628.0,30137.0,-70270.0
2020-08-31,-367626.0,255229.0,-106581.0,232663.0,50845.0,-631643.0,-289054.0,-58443.0,789049.0,188628.0,32384.0,-74802.0
2020-09-30,-317966.0,246457.0,-147919.0,219508.0,49337.0,-640202.0,-289763.0,-58266.0,775901.0,188628.0,32685.0,-79220.0
2020-10-31,-305266.0,242522.0,-154940.0,218916.0,49929.0,-639455.0,-289780.0,-58282.0,770558.0,188628.0,30827.0,-81607.0
2020-11-30,-333099.0,292455.0,-174742.0,233091.0,43456.0,-652241.0,-289753.0,-58502.0,759511.0,188628.0,28854.0,-85059.0
2020-12-31,-296591.0,274918.0,-194613.0,262300.0,34410.0,-666943.0,-290557.0,-59163.0,741408.0,188628.0,29854.0,-90790.0
2021-01-31,-73211.0,221924.0,-368432.0,235573.0,13181.0,-694177.0,-291741.0,-61539.0,660770.0,188628.0,32445.0,-105186.0
2021-02-28,11167.0,201361.0,-421930.0,234599.0,9124.0,-695824.0,-292287.0,-62033.0,617581.0,188628.0,21647.0,-107765.0
2021-03-31,80568.0,188957.0,-477846.0,226043.0,7079.0,-701019.0,-297380.0,-62369.0,584199.0,188628.0,20325.0,-109055.0
2021-04-30,138921.0,192672.0,-536312.0,210932.0,4332.0,-708778.0,-298859.0,-62570.0,554999.0,188628.0,16580.0,-110993.0
2021-05-31,206216.0,107507.0,-516404.0,231690.0,3221.0,-705375.0,-300600.0,-63753.0,554960.0,188628.0,14283.0,-111162.0
2021-06-30,254374.0,100367.0,-552941.0,218295.0,977.0,-709085.0,-303315.0,-66812.0,552720.0,188628.0,9664.0,-120317.0
2021-07-31,332935.0,49277.0,-580484.0,220051.0,-3653.0,-712590.0,-303670.0,-67309.0,538246.0,188628.0,9375.0,-126138.0
2021-08-31,388301.0,-13283.0,-561689.0,247394.0,-5090.0,-710770.0,-303878.0,-68036.0,531816.0,188628.0,-2381.0,-127697.0
2021-09-30,415728.0,-2300.0,-603647.0,222506.0,-7802.0,-707871.0,-304191.0,-68205.0,515011.0,188628.0,1219.0,-127657.0
2021-10-31,444028.0,-41141.0,-596272.0,239670.0,-10483.0,-706368.0,-304595.0,-68217.0,509602.0,188628.0,4267.0,-130430.0
2021-11-30,426985.0,-25429.0,-597386.0,260523.0,-11507.0,-710874.0,-304431.0,-73232.0,501714.0,188628.0,6918.0,-134119.0
